system,query_count,mean_judgement_coverage_at_k,ndcg_at_10,mrr_at_10,precision_at_10,recall_at_10,mean_latency_ms,p95_latency_ms
bm25,25,1.0,0.7932608507214763,0.92,0.86,0.5299493964927402,484.9499267599822,660.7849154001086
hnsw,25,0.988,0.7585039543104553,1.0,0.9,0.5706793284115266,0.2776606000043102,0.35321940031280974
dense_flat,25,1.0,0.7579297364462293,1.0,0.9,0.5684378272226569,40.03712819998327,24.54492760007269
