system,query_count,mean_judgement_coverage_at_k,ndcg_at_10,mrr_at_10,precision_at_10,recall_at_10,mean_latency_ms,p95_latency_ms
dense_384,25,1.0,0.7579297364462293,1.0,0.9,0.5684378272226569,40.03712819998327,24.54492760007269
dense_pca256,25,0.72,0.5907614480009968,0.94,0.66,0.420704572517266,12.669550480077305,15.440569200109156
dense_pca128,25,0.54,0.4469649756301053,0.85,0.496,0.3179051663850425,8.562833279938786,24.14743820027067
