{
  "system": "dense_flat",
  "model": "intfloat/e5-small-v2",
  "device": "cuda",
  "documents": 500000,
  "max_seq_length": 512,
  "embedding_time_seconds": 0.0,
  "documents_per_second": 0.0,
  "embedding_dimension": 384,
  "index_build_time_seconds": 0.8545582780002405,
  "index_vectors": 500000,
  "index_size_mb": 732.4219179153442,
  "query_count": 25,
  "top_k": 20,
  "mean_latency_ms": 40.03712819998327,
  "p95_latency_ms": 24.544927600072693,
  "min_latency_ms": 18.64805500008515,
  "max_latency_ms": 515.2642819998619,
  "final_process_ram_mb": 3858.953125
}