{
  "system": "dense_flat",
  "model": "intfloat/e5-small-v2",
  "device": "mps",
  "documents": 500000,
  "max_seq_length": 512,
  "embedding_time_seconds": 5005.387804167,
  "documents_per_second": 99.89235990541005,
  "embedding_dimension": 384,
  "index_build_time_seconds": 1.183594125000127,
  "index_vectors": 500000,
  "index_size_mb": 732.4219179153442,
  "query_count": 25,
  "top_k": 20,
  "mean_latency_ms": 16.687375159963267,
  "p95_latency_ms": 12.03772499993647,
  "min_latency_ms": 10.824500000126136,
  "max_latency_ms": 151.61745900059032,
  "final_process_ram_mb": 2248.46875
}